renewal_id,subscription_id,renewal_date,old_end_date,new_end_date,status
1,67,2025-04-15,2025-04-18,2025-07-17,Success
2,101,2025-01-11,2025-01-12,2025-04-12,Success
3,75,2025-07-21,2025-07-24,2026-07-24,Success
4,65,2025-01-23,2025-01-24,2025-02-23,Success
5,17,2025-08-17,2025-08-19,2026-08-19,Success
6,66,2025-04-19,2025-04-22,2025-05-22,Success
7,64,2024-07-29,2024-07-31,2024-08-30,Success
8,89,2024-07-18,2024-07-20,2024-08-19,Success
9,93,2025-11-23,2025-11-25,2026-11-25,Success
10,71,2024-10-28,2024-10-31,2025-10-31,Success
11,53,2025-09-04,2025-09-06,2026-09-06,Success
12,51,2024-02-10,2024-02-13,2024-03-14,Success
13,125,2024-07-06,2024-07-07,2025-07-07,Success
14,34,2025-01-30,2025-02-01,2025-05-02,Success
15,31,2025-06-05,2025-06-07,2026-06-07,Success
16,46,2025-05-19,2025-05-20,2026-05-20,Success
17,1,2024-06-09,2024-06-11,2024-07-11,Success
18,86,2025-07-24,2025-07-26,2026-07-26,Success
19,120,2024-10-22,2024-10-25,2024-11-24,Success
20,85,2025-04-15,2025-04-16,2025-05-16,Success
21,74,2024-12-29,2024-12-30,2025-01-29,Success
22,58,2025-09-22,2025-09-25,2026-09-25,Success
23,73,2024-08-26,2024-08-28,2025-08-28,Success
24,121,2024-06-23,2024-06-24,2024-09-22,Success
25,87,2025-04-14,2025-04-17,2025-05-17,Success
26,21,2024-07-09,2024-07-10,2025-07-10,Success
27,59,2024-05-21,2024-05-22,2024-06-21,Success
28,9,2025-08-12,2025-08-13,2026-08-13,Success
29,20,2025-05-18,2025-05-20,2025-08-18,Success
30,88,2025-05-24,2025-05-26,2025-06-25,Success
31,69,2025-11-06,2025-11-07,2026-11-07,Success
32,81,2024-03-09,2024-03-12,2024-04-11,Success
33,30,2024-07-29,2024-07-31,2024-10-29,Success
34,80,2024-08-07,2024-08-10,2024-09-09,Success
35,91,2025-05-02,2025-05-05,2025-06-04,Success
36,57,2024-04-27,2024-04-28,2024-05-28,Success
37,119,2026-02-13,2026-02-14,2026-05-15,Success
38,36,2024-11-21,2024-11-22,2025-11-22,Success
39,83,2024-11-10,2024-11-13,2025-02-11,Success
40,23,2024-07-24,2024-07-25,2024-08-24,Success
